{
  "cacheBootResources": true,
  "config": [ ],
  "debugBuild": false,
  "entryAssembly": "Oqtane.Client",
  "icuDataMode": 1,
  "linkerEnabled": true,
  "resources": {
    "assembly": {
      "Microsoft.AspNetCore.Authorization.dll": "sha256-FqSNBISjuk5OFrdYcaAAenoS\/z7F9UalUd\/ii\/kiXPI=",
      "Microsoft.AspNetCore.Components.dll": "sha256-KJZGBnJBNfcNLLspEw\/pnYj+ce\/pNiqDYKCaoidmjAk=",
      "Microsoft.AspNetCore.Components.Authorization.dll": "sha256-7HK2vk5Rk77ngidj4BdPA2JDlbvII1GO1jtyO70GKVw=",
      "Microsoft.AspNetCore.Components.Web.dll": "sha256-FPYPSURc9JV47pEbRx3GWLT\/FDK3ohzFY6o3HydIdM0=",
      "Microsoft.AspNetCore.Components.WebAssembly.dll": "sha256-L\/NeVbgFZKtEGYU+aH9Zcay7hnrfFvPokjVTm1O0W1E=",
      "Microsoft.AspNetCore.Http.Abstractions.dll": "sha256-prFYfCT22TiZEHeH06jlzn0KZffuLicEgp0KkUQ25Rs=",
      "Microsoft.AspNetCore.Http.Extensions.dll": "sha256-GURaDDYymyTcSDMp6CEDlDbh0mtCfskkIePEWjZLUsE=",
      "Microsoft.AspNetCore.Http.Features.dll": "sha256-+BnmchT3cKhIWi+FM1xLhXSHNtNDxUX1EK6+or8\/Hz0=",
      "Microsoft.AspNetCore.Localization.dll": "sha256-GN8ykBRiXvw1vY0bIbkf9ibyQ+LJrhwTU14vUfF3Tj8=",
      "Microsoft.AspNetCore.Metadata.dll": "sha256-z6JVs4KjvL3XdvBfDOwhAZ\/JMx83Y28m0tUVqO0Tsiw=",
      "Microsoft.EntityFrameworkCore.dll": "sha256-nT4VftLHCJe8dKF7A+6pAXsdgMAmtR8cBzlUP8+1pBU=",
      "Microsoft.EntityFrameworkCore.Abstractions.dll": "sha256-ASpZeI+o3NUtBjOC+k0IVkyFNMlwzoRZcsk8O7Ndlcg=",
      "Microsoft.EntityFrameworkCore.Relational.dll": "sha256-4+fd3UNPIxnyuxZwaTqNRBWzs3MOLThWh3EbHc8SFbk=",
      "Microsoft.Extensions.Caching.Abstractions.dll": "sha256-av8Qng42BNerRiZf1HhL3MAGxzmQVjs5L0Sd3ZTZUuk=",
      "Microsoft.Extensions.Caching.Memory.dll": "sha256-Km3khr3evy7nL3g\/OwW6xhuwr5dVLmsAW1scDzOPC2c=",
      "Microsoft.Extensions.Configuration.dll": "sha256-rmQCSYMwd1I6QoZ9QjWf+UJldG6tNgk44xQiMKTA14g=",
      "Microsoft.Extensions.Configuration.Abstractions.dll": "sha256-zG5MIWwoFuITED6wm2phi+pz5P6MnfrXoxN3hvZ3q6c=",
      "Microsoft.Extensions.Configuration.Json.dll": "sha256-cwzKuqTaJjYc5QXknt6NaBt\/MWSt9DYHfmu0I\/CV2mc=",
      "Microsoft.Extensions.DependencyInjection.dll": "sha256-VUD5PwE+8XAbH7lFgvWuzWnVtag8AOiUbjI01m16xt8=",
      "Microsoft.Extensions.DependencyInjection.Abstractions.dll": "sha256-gx6dehjhtBNxTdE90PIxNwWjUhafRLi\/cqx7qLn4kxg=",
      "Microsoft.Extensions.Localization.dll": "sha256-iY+W55xzsjqy4rSN55hpKPaoYXwhT1MDDzS9uypYmvI=",
      "Microsoft.Extensions.Localization.Abstractions.dll": "sha256-eOl7UhkOkmPhLRVZr5Gz3zh0rDoarsBx1RWLHqu2hnE=",
      "Microsoft.Extensions.Logging.dll": "sha256-SE98Nn5KI67havJ\/KQGyg7lQUmgJXN\/CABxpCf7btPQ=",
      "Microsoft.Extensions.Logging.Abstractions.dll": "sha256-B9n\/nhELHvCMUUnmhupbHCAfpQhcMoB2T\/qyyATfSd8=",
      "Microsoft.Extensions.Options.dll": "sha256-0ceIi\/iLdiKoxaztvCC\/4thA\/DazgsgrTETQXY30M3c=",
      "Microsoft.Extensions.Primitives.dll": "sha256-uizAhn93OHHy6xMGyhdVvGe8EtJpdxF+nJrcPpgQGj0=",
      "Microsoft.JSInterop.dll": "sha256-G5YPBGuWJAmjJfa2HnTGIcYEIysIbtxXCP80ja2g1yw=",
      "Microsoft.JSInterop.WebAssembly.dll": "sha256-uUEihv0ckR\/y+ZrbS\/hxKIyLU+K+qYe6z1nc63kR\/iQ=",
      "Microsoft.Net.Http.Headers.dll": "sha256-Wvp5b2xB1gZg9yya2UqQycv2STns92xStLKpmRv5Aww=",
      "System.Diagnostics.DiagnosticSource.dll": "sha256-7oUVzv86ahf2pLDla8FNhnTkO\/XBaixyQDVDm1LP0K4=",
      "System.IO.Pipelines.dll": "sha256-qZYTUS+ga7CydtH54fYPbehFCvx3B49I74G8dxreTog=",
      "System.Text.Json.dll": "sha256-cn9kWHz1nbWGv015Uycb+TPfmKZJIz3GoCIWUNolMSo=",
      "Oqtane.Shared.dll": "sha256-V6+rnIlni7V92j4risbzoGW2vd25E\/ytUw8ni\/ALEW4=",
      "Oqtane.Client.dll": "sha256-10QxYDvs+wCI1rWSzs1AfzaIMYTKsN\/wQDmgZmB0NaQ=",
      "Microsoft.Win32.Primitives.dll": "sha256-WXIGb5aFO8A2iuHiL+1KNVWNX6GHWrxaXrx1QCAlw+E=",
      "System.Collections.Concurrent.dll": "sha256-q\/4\/qu9teEodvLspzzxoIoKTXEr2PGJpgdji9bb2XDk=",
      "System.Collections.Immutable.dll": "sha256-whdUUmPJ6VuO88XSASVfd3Z086dVKG6cGQjaEbTApyE=",
      "System.Collections.NonGeneric.dll": "sha256-vPdE0O3\/k4MVwWER0HhaKOBpM8rNyuPRgy+F\/WVO15w=",
      "System.Collections.Specialized.dll": "sha256-u0QX0Gqr9AOOOjGHIJY2MGylg67EeApEicwEqQ8YLBY=",
      "System.Collections.dll": "sha256-5PdFVBpNOyPMJ3LDzewIp1aaBhrw\/5eCieJdjRfKKhk=",
      "System.ComponentModel.Annotations.dll": "sha256-dwFXUoKypX4bX9vg\/DrPxzqeFEPylBve\/ozHUtODPT4=",
      "System.ComponentModel.Primitives.dll": "sha256-MncOhf1Y2CmINSqvWJr3vyI2LAkIrqL0q4+yICk99ZM=",
      "System.ComponentModel.TypeConverter.dll": "sha256-s5t3byAtsHooOzuCV7upatvlYQOWL31tlZHMsVgs7CU=",
      "System.ComponentModel.dll": "sha256-Bg46124jm8BdPYqRZ9elCqedVW5bXvKDqI402Xn451w=",
      "System.Console.dll": "sha256-uEIJu\/s+gMsW2WuZOsYn45auoM4MjV75eLM40MhmZFw=",
      "System.Data.Common.dll": "sha256-E1BzrZl5QDZVYNOsQZgLRhR3Al2ldgAIDxbhgB7ZgNE=",
      "System.Diagnostics.TraceSource.dll": "sha256-xsPfklTY\/Y+UUgymCNAVr5SGfdpPCUB2AJ8CbK2DuSQ=",
      "System.Drawing.Primitives.dll": "sha256-uYUMPqUcciX58ewmzvGvzoY\/RBCNWhp\/4n0fgkwXNEw=",
      "System.IO.Compression.dll": "sha256-85zaDf83mzycfaVQ\/KWfMTlyFuJMwi820sCdVO17OHM=",
      "System.IO.FileSystem.dll": "sha256-t9+r+x99twc\/ld0rxYlBAC8v0F5zxBH5bPYp86jwxYM=",
      "System.Linq.Expressions.dll": "sha256-Zs3PGqBV3bcjkbNXBg1a6m3GYZwIMlwy4n0U0sQ2rnI=",
      "System.Linq.Queryable.dll": "sha256-4R5hSWfJ8iR4FTpy4pd+Cg49TKGHIDyCLzaxCTMYabI=",
      "System.Linq.dll": "sha256-pLVa5+773Y\/eWXg+5\/BnWdsEs6cCoy8THhEnwtFnnmE=",
      "System.Memory.dll": "sha256-NJ7TTjf8ek8ZgqqWTXZzVNACzQZG98wTNvPaQQGYQfU=",
      "System.Net.Http.Json.dll": "sha256-YqN+32+AzpjBbWYx72hAUR2lvA2mkHfyNJP5Fiem270=",
      "System.Net.Http.dll": "sha256-PMEDg8EUJjB4ICJDNxH52n3PTe99ifyY\/K7l4mbCrvM=",
      "System.Net.NetworkInformation.dll": "sha256-8Avu74LP8CWDSfVeK7KC3v1x762kTbLitdBaiqM+1l0=",
      "System.Net.Primitives.dll": "sha256-ReeDoosm53NEF7XQOJ371GMmg7dDofuw5t+YnZho0dE=",
      "System.Net.WebSockets.dll": "sha256-g09nc1ompNX4Tg9D7qlkbMO4kwIXIlKkD6FlFE8l62A=",
      "System.ObjectModel.dll": "sha256-mLkDJHDs8\/2lqXHmEEj5WvAx3\/VYoWNd+Q4BMoutbn0=",
      "System.Private.Runtime.InteropServices.JavaScript.dll": "sha256-vqecX+ZIUeI0ZgJlCFBypSq4DV1tWdf\/5zdCdxOC2cw=",
      "System.Private.Uri.dll": "sha256-urqMTa9HUAfgk6ZQQ4vocGMh0DcSlOzL3faH19GisGo=",
      "System.Private.Xml.dll": "sha256-6r1fQnUPsAv3bcEUyaiDcR2l1dzkW22dlXv9WtMUDnc=",
      "System.Runtime.CompilerServices.Unsafe.dll": "sha256-DGbFtTKgx9xRHLTX88NAJWHjvm9s5LWSkkE0kpnA7dE=",
      "System.Runtime.InteropServices.RuntimeInformation.dll": "sha256-WZUitHt7Lx43l9GbO+\/x1PRr\/87l96ASeAuIXeD8ccI=",
      "System.Runtime.Numerics.dll": "sha256-lSDDnHLVXYhAEjBPxWdZCELLhqwTzNI9GU\/QSlAJ41M=",
      "System.Runtime.Serialization.Formatters.dll": "sha256-+HsN01WLaSJrBnn5L\/1Rh8NX5oOZzhSN2KsAkL9mWVg=",
      "System.Security.Claims.dll": "sha256-ZlW8u4i00nZ3vR5V88Zg5myrvIg8CfzNAFl5yzylhI4=",
      "System.Security.Cryptography.Algorithms.dll": "sha256-YLnB6z4pn5uxpj2\/m\/EhT3gAy5QdGx7ajLZFoWWkuSI=",
      "System.Security.Cryptography.X509Certificates.dll": "sha256-PdvpoOAuuCiza9X4UcPrgozwP3wQsw9e3DkamSumLEM=",
      "System.Text.Encodings.Web.dll": "sha256-eHjGnTcczEtrGUI+z6+xafNCPAG9UZbp5FY+ECHyJeg=",
      "System.Text.RegularExpressions.dll": "sha256-j4PmQ4SfBsXSwFsZDbMp583Chixm18nH7TGuKNNXApE=",
      "System.Transactions.Local.dll": "sha256-xgqYwQz8HYRFLzjWE40yHIzydkf40VIyIGOgEs2P98g=",
      "System.Private.CoreLib.dll": "sha256-N0KVZEOwZxRlHlnWtIcAIqiYl771nyoeUeHiLi5CqI0="
    },
    "lazyAssembly": null,
    "pdb": null,
    "runtime": {
      "dotnet.timezones.blat": "sha256-2ldEe2K8ARFKSIBsv+Hr3iNQzq9qh1H\/dwdu2r+AIyY=",
      "dotnet.wasm": "sha256-XmG1o3XoL4Dv4DjPhf+gJzrOdCMk+8d4f30sHkRIlzA=",
      "icudt.dat": "sha256-m7NyeXyxM+CL04jr9ui1Z6pVfMWwhHusuz5qNZWpAwA=",
      "icudt_CJK.dat": "sha256-91bygK5voY9lG5wxP0\/uj7uH5xljF9u7iWnSldT1Z\/g=",
      "icudt_EFIGS.dat": "sha256-DPfeOLph83b2rdx40cKxIBcfVZ8abTWAFq+RBQMxGw0=",
      "icudt_no_CJK.dat": "sha256-oM7Z6aN9jHmCYqDMCBwFgFAYAGgsH1jLC\/Z6DYeVmmk=",
      "dotnet.5.0.0.js": "sha256-rip887O\/MzF0Xf3GXtIvfySYu+t66+HDS8TyLMVM1Ss="
    },
    "satelliteResources": null
  }
}